{
  "project_info": {
    "project_number": "483392350808",
    "project_id": "sdlab-finally",
    "storage_bucket": "sdlab-finally.appspot.com"
  },
  "client": [
    {
      "client_info": {
        "mobilesdk_app_id": "1:483392350808:android:22c423a3aa78fc19ba782d",
        "android_client_info": {
          "package_name": "com.example.vmac.WatBot"
        }
      },
      "oauth_client": [
        {
          "client_id": "483392350808-nuajhcr4i58tj4mm8bjo7mg5nk5ngnpc.apps.googleusercontent.com",
          "client_type": 3
        }
      ],
      "api_key": [
        {
          "current_key": "AIzaSyABrSHlc3mjggaCZ0vgRhFKpD-KkQrTvIY"
        }
      ],
      "services": {
        "appinvite_service": {
          "other_platform_oauth_client": [
            {
              "client_id": "483392350808-nuajhcr4i58tj4mm8bjo7mg5nk5ngnpc.apps.googleusercontent.com",
              "client_type": 3
            }
          ]
        }
      }
    }
  ],
  "configuration_version": "1"
}